[
  {
    "avatar":"160e91e17fa2164.png",
    "name":"Jack",
    "phone":"1234567890",
    "class":"基础普拉提",
    "orderedClass":"A班",
    "orderedTime":"2019-11-11",
    "status":"已报班"
  },
  {
    "avatar":"160e91e17fa2164.png",
    "name":"Jack",
    "phone":"1234567890",
    "class":"基础普拉提",
    "orderedClass":"A班",
    "orderedTime":"2019-11-11",
    "status":"已报班"
  },
  {
    "avatar":"160e91e17fa2164.png",
    "name":"Jack",
    "phone":"1234567890",
    "class":"基础普拉提",
    "orderedClass":"A班",
    "orderedTime":"2019-11-11",
    "status":"已报班"
  },
  {
    "avatar":"160e91e17fa2164.png",
    "name":"Jack",
    "phone":"1234567890",
    "class":"基础普拉提",
    "orderedClass":"A班",
    "orderedTime":"2019-11-11",
    "status":"已报班"
  },
  {
    "avatar":"160e91e17fa2164.png",
    "name":"Jack",
    "phone":"1234567890",
    "class":"基础普拉提",
    "orderedClass":"A班",
    "orderedTime":"2019-11-11",
    "status":"已报班"
  },
  {
    "avatar":"160e91e17fa2164.png",
    "name":"Jack",
    "phone":"1234567890",
    "class":"基础普拉提",
    "orderedClass":"A班",
    "orderedTime":"2019-11-11",
    "status":"已报班"
  }
]