[
  {
    "name":"Jack",
    "roleId":"7746",
    "phone":"123456789",
    "orderedTime":"2019-12-05",
    "sex":"男",
    "avatar":"160e91e17fa2164.png"
  },
  {
    "name":"Jack",
    "roleId":"7746",
    "phone":"123456789",
    "orderedTime":"2019-12-05",
    "sex":"男",
    "avatar":"160e91e17fa2164.png"
  },
  {
    "name":"Jack",
    "roleId":"7746",
    "phone":"123456789",
    "orderedTime":"2019-12-05",
    "sex":"男",
    "avatar":"160e91e17fa2164.png"
  },
  {
    "name":"Jack",
    "roleId":"7746",
    "phone":"123456789",
    "orderedTime":"2019-12-05",
    "sex":"男",
    "avatar":"160e91e17fa2164.png"
  },
  {
    "name":"Jack",
    "roleId":"7746",
    "phone":"123456789",
    "orderedTime":"2019-12-05",
    "sex":"男",
    "avatar":"160e91e17fa2164.png"
  }
]